Class,Order,"Preffered Reference to Use (P=Preferred, NP=Not preferred)",Host common name,Host genus,Host species,Animal or cell study,ACE2 sequence,Virus species,Virus strain,Virus accession,Infection type [natural or experimental inoculation],"Outcome of infection [1=infection, 0=no infection]","Shedding [0=no, 1=PCR,isolation,or evidence of natural or experimental transmission, ?=unknown or not discussed]","Transmission [1=yes, 0=no, ?=unknown]","Shedding or Transmission Present (1=yes, 0=no, ?=unknown)",Delta G (kcal/mol),Binding Affinity (M),Reference
Mammalia,Chiroptera,NP,Egyptian fruit bat,Rousettus,aegyptiacus,animal,XP_015974412.2,WIV1-CoV,?,?,experimental,0,0,0,0,-11.83,2.11E-09,https://www.ncbi.nlm.nih.gov/pmc/articles/PMC6316779/
Mammalia,Artiodactyla,NP,Pig,Sus,scrofa,animal,NP_001116542.1,Transmissible gastroentiritis virus (TCEV) ,?,?,experimental,0,0,0,0,-11,8.6E-09,https://www.ncbi.nlm.nih.gov/pubmed/30315482
Mammalia,Carnivora,P,African lion,Panthera,leo,animal,XP_019273508.1,SARS-CoV-2,?,MN988668.1,natural,1,1,1,1,-9.26,1.62E-07,https://promedmail.org/promed-post/?id=7284183
Mammalia,Carnivora,P,Amur tiger,Panthera,tigris altaica,animal,XP_007090142.1,SARS-CoV-2,?,MN988668.1,natural,1,1,1,1,-9.39,1.29E-07,https://promedmail.org/promed-post/?id=7284183
Mammalia,Carnivora,NP,Cat,Felis,catus,animal,AAX59005.1,SARS-CoV-2,?,MN988668.1,natural,1,0,1,1,-10.91,1E-08,"Zhang et al. 2020, https://www.biorxiv.org/content/10.1101/2020.04.01.021196v1.full"
Mammalia,Carnivora,NP,Cat,Felis,catus,animal,AAX59005.1,SARS-CoV-2,HongKong,MN988668.1,natural,1,1,?,1,-10.91,1E-08,https://promedmail.org/promed-post/?id=20200402.7173286
Mammalia,Carnivora,NP,Cat,Felis,catus,animal,AAX59005.1,SARS-CoV-2,?,MN988668.1,natural,1,?,1,1,-10.91,1E-08,https://promedmail.org/promed-post/?id=7344274
Mammalia,Carnivora,NP,Cat,Felis,catus,animal,AAX59005.1,SARS-CoV-2,?,MN988668.1,natural,1,?,0,0,-10.91,1E-08,https://promedmail.org/promed-post/?id=7429133
Mammalia,Carnivora,NP,Cat,Felis,catus,animal,AAX59005.1,SARS-CoV-2,WA1/2020WY96,MN988668.1,natural,1,1,?,1,-10.91,1E-08,https://www.biorxiv.org/content/10.1101/2020.05.28.120998v1.full.pdf
Mammalia,Carnivora,NP,Cat,Felis,catus,animal,AAX59005.1,SARS-CoV-2,?,MN988668.1,natural,1,?,?,?,-10.91,1E-08,https://promedmail.org/promed-post/?id=20200526.7379578
Mammalia,Carnivora,NP,Dog,Canis,familiaris,animal,NP_001158732.1,SARS-CoV-2,?,MN988668.1,natural,1,?,?,?,-10.21,3.25E-08,https://promedmail.org/promed-post/?id=7344274
Mammalia,Carnivora,NP,Dog,Canis,familiaris,animal,NP_001158732.1,SARS-CoV-2,?,MN988668.1,natural,1,?,0,0,-10.21,3.25E-08,https://promedmail.org/promed-post/?id=7420541
Mammalia,Primates,P,Human,Homo ,sapiens,animal,NP_001358344.1,SARS-CoV-2,WH-Human 1,MN908947,natural,1,1,1,1,-14.24,3.62E-11,https://www.ncbi.nlm.nih.gov/pubmed/32015508
Mammalia,Carnivora,P,Malayan Tiger,Panthera,tigris jacksoni,animal,XP_007090142.1,SARS-CoV-2,?,MN988668.1,natural,1,1,1,1,-10.84,1.13E-08,https://promedmail.org/promed-post/?id=7191352
Mammalia,Carnivora,P,Mink,Neovison, vison,animal,CCP86723.1,SARS-CoV-2,?,MN988668.1,natural,1,?,?,?,-10.24,3.07E-08,https://promedmail.org/promed-post/?id=7272289
Mammalia,Lagomorpha,P,Rabbit,Oryctolagus,cuniculus,animal,XP_002719891.1,SARS-CoV-2,?,MN988668.1,natural,1,?,?,?,-11.17,6.46E-09,https://promedmail.org/promed-post/?id=7316646
Mammalia,Cetacea,P,Beluga whale,Delphinapterus,leucas,cell,XP_022418360.1,SARS-CoV-2,nCoV-SH01,MT121215,experimental cell line,1,NA,NA,NA,-10.84,1.13E-08,"Liu, Y et al (2020), https://www.biorxiv.org/content/10.1101/2020.04.22.046565v2.full.pdf"
Mammalia,Primates,P,Bolivian Squirrel Monkey,Saimiri,boliviensis,cell,XP_010334925.1,SARS-CoV-2,nCoV-SH01,MT121215,experimental cell line,0,NA,NA,NA,-16.09,1.57E-12,"Liu, Y et al (2020), https://www.biorxiv.org/content/10.1101/2020.04.22.046565v2.full.pdf"
Mammalia,Carnivora,P,California sea lion,Zalophus,californianus,cell,XP_027465353.1,SARS-CoV-2,nCoV-SH01,MT121215,experimental cell line,1,NA,NA,NA,-10.53,1.88E-08,"Liu, Y et al (2020), https://www.biorxiv.org/content/10.1101/2020.04.22.046565v2.full.pdf"
Mammalia,Artiodactyla,P,Camel,Camelus,bactrianus,cell,XP_010966303.1,SARS-CoV-2,WHU01,MN988668.1,experimental cell line,1,NA,NA,NA,-12.54,6.33E-10,"Li, Y et al (2020), https://www.biorxiv.org/content/10.1101/2020.04.10.032342v1.full.pdf"
Mammalia,Carnivora,P,Canada lynx,Lynx,canadensis,cell,XP_030160839.1,SARS-CoV-2,nCoV-SH01,MT121215,experimental cell line,1,NA,NA,NA,-10.69,1.44E-08,"Liu, Y et al (2020), https://www.biorxiv.org/content/10.1101/2020.04.22.046565v2.full.pdf"
Mammalia,Carnivora,P,Cat,Felis,catus,cell,AAX59005.1,SARS-CoV-2,WHU01,MN988668.1,experimental cell line,1,NA,NA,NA,-10.91,1E-08,"Li, Y et al (2020), https://www.biorxiv.org/content/10.1101/2020.04.10.032342v1.full.pdf"
Mammalia,Carnivora,NP,Cat,Felis,catus,cell,AAX59005.1,SARS-CoV-2,nCoV-SH01,MT121215,experimental cell line,1,NA,NA,NA,-10.91,1E-08,"Liu, Y et al (2020), https://www.biorxiv.org/content/10.1101/2020.04.22.046565v2.full.pdf"
Aves,Galliformes,P,Chicken,Gallus,gallus,cell,XP_416822.2,SARS-CoV-2,WHU01,MN988668.1,experimental cell line,0,NA,NA,NA,-10.83,1.13E-08,"Li, Y et al (2020), https://www.biorxiv.org/content/10.1101/2020.04.10.032342v1.full.pdf"
Mammalia,Primates,P,Chimpanzee,Pan,troglodytes,cell,XP_016798468.1,SARS-CoV-2,nCoV-SH01,MT121215,experimental cell line,1,NA,NA,NA,-11.32,4.97E-09,"Liu, Y et al (2020), https://www.biorxiv.org/content/10.1101/2020.04.22.046565v2.full.pdf"
Mammalia,Rodentia,P,Chinese Hamster,Cricetulus,griseus,cell,XP_027288607.1,SARS-CoV-2,nCoV-SH01,MT121215,experimental cell line,1,NA,NA,NA,-12.32,9.18E-10,"Liu, Y et al (2020), https://www.biorxiv.org/content/10.1101/2020.04.22.046565v2.full.pdf"
Mammalia,Chiroptera,P,Chinese rufous horseshoe bat,Rhinolophus,sinicus,cell,ADN93475.1,SARS-CoV-2,WHU01,MN988668.1,experimental cell line,0,NA,NA,NA,-10.96,9.12E-09,"Li, Y et al (2020), https://www.biorxiv.org/content/10.1101/2020.04.10.032342v1.full.pdf"
Mammalia,Primates,P,Crab-eating macaque,Macaca,fascicularis,cell,XP_005593094.1,SARS-CoV-2,nCoV-SH01,MT121215,experimental cell line,1,NA,NA,NA,-11.72,2.52E-09,"Liu, Y et al (2020), https://www.biorxiv.org/content/10.1101/2020.04.22.046565v2.full.pdf"
Mammalia,Carnivora,P,Dog,Canis,familiaris,cell,NP_001158732.1,SARS-CoV-2,nCoV-SH01,MT121215,experimental cell line,1,NA,NA,NA,-10.21,3.25E-08,"Liu, Y et al (2020), https://www.biorxiv.org/content/10.1101/2020.04.22.046565v2.full.pdf"
Mammalia,Perissodactyla,P,Donkey,Equus,asinus,cell,XP_014713133.1,SARS-CoV-2,WHU01,MN988668.1,experimental cell line,0,NA,NA,NA,-11.49,3.74E-09,"Li, Y et al (2020), https://www.biorxiv.org/content/10.1101/2020.04.10.032342v1.full.pdf"
Mammalia,Chiroptera,P,Egyptian fruit bat,Rousettus,aegyptiacus,cell,XP_015974412.2,SARS-CoV-2,nCoV-SH01,MT121215,experimental cell line,1,NA,NA,NA,-11.83,2.11E-09,"Liu, Y et al (2020), https://www.biorxiv.org/content/10.1101/2020.04.22.046565v2.full.pdf"
Mammalia,Cetacea,P,Finless Porpoise,Neophocaena,asiaeorientalis,cell,XP_024599894.1,SARS-CoV-2,nCoV-SH01,MT121215,experimental cell line,1,NA,NA,NA,-11.25,5.58E-09,"Liu, Y et al (2020), https://www.biorxiv.org/content/10.1101/2020.04.22.046565v2.full.pdf"
Mammalia,Primates,P,Gelada,Theropithecus,gelada,cell,XP_025227847.1,SARS-CoV-2,nCoV-SH01,MT121215,experimental cell line,1,NA,NA,NA,-11.41,4.26E-09,"Liu, Y et al (2020), https://www.biorxiv.org/content/10.1101/2020.04.22.046565v2.full.pdf"
Mammalia,Carnivora,P,Giant panda,Ailuropoda,melanoleuca,cell,XP_034505781.1,SARS-CoV-2,nCoV-SH01,MT121215,experimental cell line,1,NA,NA,NA,-10.03,4.43E-08,"Liu, Y et al (2020), https://www.biorxiv.org/content/10.1101/2020.04.22.046565v2.full.pdf"
Mammalia,Artiodactyla,P,Goat,Capra,hircus,cell,NP_001277036.1,SARS-CoV-2,WHU01,MN988668.1,experimental cell line,1,NA,NA,NA,-11.08,7.54E-09,"Li, Y et al (2020), https://www.biorxiv.org/content/10.1101/2020.04.10.032342v1.full.pdf"
Mammalia,Artiodactyla,NP,Goat,Capra,hircus,cell,NP_001277036.1,SARS-CoV-2,nCoV-SH01,MT121215,experimental cell line,1,NA,NA,NA,-11.08,7.54E-09,"Liu, Y et al (2020), https://www.biorxiv.org/content/10.1101/2020.04.22.046565v2.full.pdf"
Mammalia,Primates,P,Golden snub-nosed monkey,Rhinopithecus,roxellana,cell,XP_010364367.2,SARS-CoV-2,nCoV-SH01,MT121215,experimental cell line,1,NA,NA,NA,-11.53,3.51E-09,"Liu, Y et al (2020), https://www.biorxiv.org/content/10.1101/2020.04.22.046565v2.full.pdf"
Mammalia,Carnivora,P,Grizzly Bear,Ursus,arctos horribilis,cell,XP_026333865.1,SARS-CoV-2,nCoV-SH01,MT121215,experimental cell line,1,NA,NA,NA,-10.28,2.9E-08,"Liu, Y et al (2020), https://www.biorxiv.org/content/10.1101/2020.04.22.046565v2.full.pdf"
Mammalia,Rodentia,P,Guinea Pig,Cavia,porcellus,cell,XP_023417808.1,SARS-CoV-2,WHU01,MN988668.1,experimental cell line,0,NA,NA,NA,-11.53,3.53E-09,"Li, Y et al (2020), https://www.biorxiv.org/content/10.1101/2020.04.10.032342v1.full.pdf"
Mammalia,Carnivora,P,Hawaiian Monk seal,Neomonachus,schauinslandi,cell,XP_021536480.1,SARS-CoV-2,nCoV-SH01,MT121215,experimental cell line,1,NA,NA,NA,-10.96,9.1E-09,"Liu, Y et al (2020), https://www.biorxiv.org/content/10.1101/2020.04.22.046565v2.full.pdf"
Mammalia,Perissodactyla,NP,Horse,Equus,caballus,cell,XP_001490241.1,SARS-CoV-2,nCoV-SH01,MT121215,experimental cell line,1,NA,NA,NA,-11.4,4.35E-09,"Liu, Y et al (2020), https://www.biorxiv.org/content/10.1101/2020.04.22.046565v2.full.pdf"
Mammalia,Perissodactyla,P,Horse ,Equus,caballus,cell,XP_001490241.1,SARS-CoV-2,WHU01,MN988668.1,experimental cell line,1,NA,NA,NA,-11.4,4.35E-09,"Li, Y et al (2020), https://www.biorxiv.org/content/10.1101/2020.04.10.032342v1.full.pdf"
Mammalia,Primates,P,Human,Homo,sapiens,cell,NP_001358344.1,SARS-CoV-2,WHU01,MN988668.1,experimental cell line,1,NA,NA,NA,-14.24,3.62E-11,"Li, Y et al (2020), https://www.biorxiv.org/content/10.1101/2020.04.10.032342v1.full.pdf"
Mammalia,Primates,NP,Human,Homo,sapiens,cell,NP_001358344.1,SARS-CoV-2,nCoV-SH01,MT121215,experimental cell line,1,NA,NA,NA,-14.24,3.62E-11,"Liu, Y et al (2020), https://www.biorxiv.org/content/10.1101/2020.04.22.046565v2.full.pdf"
Mammalia,Cetacea,P,Killer whale,Orcinus,orca,cell,XP_004269705.1,SARS-CoV-2,nCoV-SH01,MT121215,experimental cell line,1,NA,NA,NA,-10.12,3.8E-08,"Liu, Y et al (2020), https://www.biorxiv.org/content/10.1101/2020.04.22.046565v2.full.pdf"
Mammalia,Diprotodontia,P,Koala,Phascolarctos,cinereus,cell,XP_020863153.1,SARS-CoV-2,nCoV-SH01,MT121215,experimental cell line,0,NA,NA,NA,-10.95,9.36E-09,"Liu, Y et al (2020), https://www.biorxiv.org/content/10.1101/2020.04.22.046565v2.full.pdf"
Mammalia,Carnivora,P,Leopard,Panthera,pardus,cell,XP_019273508.1,SARS-CoV-2,nCoV-SH01,MT121215,experimental cell line,1,NA,NA,NA,-10.86,1.08E-08,"Liu, Y et al (2020), https://www.biorxiv.org/content/10.1101/2020.04.22.046565v2.full.pdf"
Mammalia,Rodentia,P,Lesser Egyptian Jerboa,Jaculus,jaculus,cell,XP_004671523.1,SARS-CoV-2,nCoV-SH01,MT121215,experimental cell line,1,NA,NA,NA,-11.85,2.03E-09,"Liu, Y et al (2020), https://www.biorxiv.org/content/10.1101/2020.04.22.046565v2.full.pdf"
Mammalia,Cetacea,P,Long-finned pilot whale,Globicephala,melas,cell,XP_030703991.1,SARS-CoV-2,nCoV-SH01,MT121215,experimental cell line,1,NA,NA,NA,-10.27,2.96E-08,"Liu, Y et al (2020), https://www.biorxiv.org/content/10.1101/2020.04.22.046565v2.full.pdf"
Mammalia,Carnivora,P,Masked palm civet,Paguma,larvata,cell,AAX63775.1,SARS-CoV-2,WHU01,MN988668.1,experimental cell line,0,NA,NA,NA,-10.45,2.18E-08,"Li, Y et al (2020), https://www.biorxiv.org/content/10.1101/2020.04.10.032342v1.full.pdf"
Mammalia,Rodentia,P,Mouse,Mus,musculus,cell,NP_081562.2,SARS-CoV-2,WHU01,MN988668.1,experimental cell line,0,NA,NA,NA,-11.53,3.52E-09,"Li, Y et al (2020), https://www.biorxiv.org/content/10.1101/2020.04.10.032342v1.full.pdf"
Mammalia,Rodentia,NP,Mouse,Mus,musculus,cell,NP_081562.2,SARS-CoV-2,nCoV-SH01,MT121215,experimental cell line,0,NA,NA,NA,-11.53,3.52E-09,"Liu, Y et al (2020), https://www.biorxiv.org/content/10.1101/2020.04.22.046565v2.full.pdf"
Mammalia,Primates,P,Northern white-cheeked gibbon,Nomascus,leucogenys,cell,XP_003261132.2,SARS-CoV-2,nCoV-SH01,MT121215,experimental cell line,1,NA,NA,NA,-11.18,6.31E-09,"Liu, Y et al (2020), https://www.biorxiv.org/content/10.1101/2020.04.22.046565v2.full.pdf"
Mammalia,Primates,P,Olive baboon,Papio,anubis,cell,XP_021788732.1,SARS-CoV-2,nCoV-SH01,MT121215,experimental cell line,1,NA,NA,NA,-11.41,4.26E-09,"Liu, Y et al (2020), https://www.biorxiv.org/content/10.1101/2020.04.22.046565v2.full.pdf"
Mammalia,Pholidota,P,Pangolin,Manis,javanica,cell,XP_017505752.1,SARS-CoV-2,WHU01,MN988668.1,experimental cell line,1,NA,NA,NA,-11.94,1.74E-09,"Li, Y et al (2020), https://www.biorxiv.org/content/10.1101/2020.04.10.032342v1.full.pdf"
Mammalia,Pholidota,NP,Pangolin,Manis,javanica,cell,XP_017505752.1,SARS-CoV-2,nCoV-SH01,MT121215,experimental cell line,1,NA,NA,NA,-11.94,1.74E-09,"Liu, Y et al (2020), https://www.biorxiv.org/content/10.1101/2020.04.22.046565v2.full.pdf"
Mammalia,Artiodactyla,P,Pig,Sus,scrofa,cell,NP_001116542.1,SARS-CoV-2,WHU01,MN988668.1,experimental cell line,1,NA,NA,NA,-11,8.6E-09,"Li, Y et al (2020), https://www.biorxiv.org/content/10.1101/2020.04.10.032342v1.full.pdf"
Mammalia,Artiodactyla,NP,Pig,Sus,scrofa,cell,NP_001116542.1,SARS-CoV-2,nCoV-SH01,MT121215,experimental cell line,1,NA,NA,NA,-11,8.6E-09,"Liu, Y et al (2020), https://www.biorxiv.org/content/10.1101/2020.04.22.046565v2.full.pdf"
Mammalia,Carnivora,P,Puma,Puma,concolor,cell,XP_025790417.1,SARS-CoV-2,nCoV-SH01,MT121215,experimental cell line,1,NA,NA,NA,-10.91,1E-08,"Liu, Y et al (2020), https://www.biorxiv.org/content/10.1101/2020.04.22.046565v2.full.pdf"
Mammalia,Lagomorpha,P,Rabbit,Oryctolagus,cuniculus,cell,XP_002719891.1,SARS-CoV-2,WHU01,MN988668.1,experimental cell line,1,NA,NA,NA,-11.17,6.46E-09,"Li, Y et al (2020), https://www.biorxiv.org/content/10.1101/2020.04.10.032342v1.full.pdf"
Mammalia,Lagomorpha,NP,Rabbit,Oryctolagus,cuniculus,cell,XP_002719891.1,SARS-CoV-2,nCoV-SH01,MT121215,experimental cell line,1,NA,NA,NA,-11.17,6.46E-09,"Liu, Y et al (2020), https://www.biorxiv.org/content/10.1101/2020.04.22.046565v2.full.pdf"
Mammalia,Rodentia,P,Rat,Rattus,norvegicus,cell,NP_001012006.1,SARS-CoV-2,WHU01,MN988668.1,experimental cell line,0,NA,NA,NA,-12.09,1.36E-09,"Li, Y et al (2020), https://www.biorxiv.org/content/10.1101/2020.04.10.032342v1.full.pdf"
Mammalia,Carnivora,P,Red fox,Vulpes,vulpes,cell,XP_025842512.1,SARS-CoV-2,nCoV-SH01,MT121215,experimental cell line,1,NA,NA,NA,-10.5,2.01E-08,"Liu, Y et al (2020), https://www.biorxiv.org/content/10.1101/2020.04.22.046565v2.full.pdf"
Mammalia,Artiodactyla,P,Sheep,Ovis,aries,cell,XP_011961657.1,SARS-CoV-2,WHU01,MN988668.1,experimental cell line,1,NA,NA,NA,-10.14,3.68E-08,"Li, Y et al (2020), https://www.biorxiv.org/content/10.1101/2020.04.10.032342v1.full.pdf"
Mammalia,Artiodactyla,NP,Sheep,Ovis,aries,cell,XP_011961657.1,SARS-CoV-2,nCoV-SH01,MT121215,experimental cell line,1,NA,NA,NA,-10.14,3.68E-08,"Liu, Y et al (2020), https://www.biorxiv.org/content/10.1101/2020.04.22.046565v2.full.pdf"
Mammalia,Perissodactyla,P,Southern white Rhinoceros,Ceratotherium,simum,cell,XP_004435206.1,SARS-CoV-2,nCoV-SH01,MT121215,experimental cell line,1,NA,NA,NA,-10.29,2.82E-08,"Liu, Y et al (2020), https://www.biorxiv.org/content/10.1101/2020.04.22.046565v2.full.pdf"
Mammalia,Cetacea,P,Sperm whale,Physeter,catodon,cell,XP_023971279.1,SARS-CoV-2,nCoV-SH01,MT121215,experimental cell line,1,NA,NA,NA,-10.88,1.05E-08,"Liu, Y et al (2020), https://www.biorxiv.org/content/10.1101/2020.04.22.046565v2.full.pdf"
Mammalia,Carnivora,P,Steller sea lion,Eumetopias,jubatus,cell,XP_027970822.1,SARS-CoV-2,nCoV-SH01,MT121215,experimental cell line,1,NA,NA,NA,-10.47,2.09E-08,"Liu, Y et al (2020), https://www.biorxiv.org/content/10.1101/2020.04.22.046565v2.full.pdf"
Mammalia,Carnivora,P,Stoat,Mustela,erminea,cell,XP_032187677.1,SARS-CoV-2,nCoV-SH01,MT121215,experimental cell line,1,NA,NA,NA,-9.38,1.31E-07,"Liu, Y et al (2020), https://www.biorxiv.org/content/10.1101/2020.04.22.046565v2.full.pdf"
Mammalia,Primates,P,Sumatran orangutan,Pongo,abelii,cell,NP_001124604.1,SARS-CoV-2,nCoV-SH01,MT121215,experimental cell line,1,NA,NA,NA,-11.16,6.5E-09,"Liu, Y et al (2020), https://www.biorxiv.org/content/10.1101/2020.04.22.046565v2.full.pdf"
Mammalia,Rodentia,P,Thirteen-lined Ground squirrel,Ictidomys,tridecemlineatus,cell,XP_005316051.3,SARS-CoV-2,nCoV-SH01,MT121215,experimental cell line,1,NA,NA,NA,-11.92,1.81E-09,"Liu, Y et al (2020), https://www.biorxiv.org/content/10.1101/2020.04.22.046565v2.full.pdf"
Mammalia,Primates,P,Tufted capuchin,Sapajus,apella,cell,XP_032141854.1,SARS-CoV-2,nCoV-SH01,MT121215,experimental cell line,0,NA,NA,NA,-11.56,3.33E-09,"Liu, Y et al (2020), https://www.biorxiv.org/content/10.1101/2020.04.22.046565v2.full.pdf"
Mammalia,Primates,P,Ugandan red Colobus,Piliocolobus,tephrosceles,cell,XP_023054821.1,SARS-CoV-2,nCoV-SH01,MT121215,experimental cell line,1,NA,NA,NA,-11.83,2.11E-09,"Liu, Y et al (2020), https://www.biorxiv.org/content/10.1101/2020.04.22.046565v2.full.pdf"
Mammalia,Artiodactyla,P,Water Buffalo,Bubalus,bubalis,cell,XP_006041602.1,SARS-CoV-2,nCoV-SH01,MT121215,experimental cell line,1,NA,NA,NA,-11.5,3.66E-09,"Liu, Y et al (2020), https://www.biorxiv.org/content/10.1101/2020.04.22.046565v2.full.pdf"
Mammalia,Primates,P,Western lowland gorilla,Gorilla,gorilla,cell,XP_018874749.1,SARS-CoV-2,nCoV-SH01,MT121215,experimental cell line,1,NA,NA,NA,-10.93,9.71E-09,"Liu, Y et al (2020), https://www.biorxiv.org/content/10.1101/2020.04.22.046565v2.full.pdf"
Mammalia,Rodentia,P,White-footed mouse,Peromyscus,leucopus,cell,XP_028743609.1,SARS-CoV-2,nCoV-SH01,MT121215,experimental cell line,1,NA,NA,NA,-11.22,5.93E-09,"Liu, Y et al (2020), https://www.biorxiv.org/content/10.1101/2020.04.22.046565v2.full.pdf"
Mammalia,Primates,P,White-tufted-ear marmoset,Callithrix,jacchus,cell,XP_008987241.1,SARS-CoV-2,nCoV-SH01,MT121215,experimental cell line,0,NA,NA,NA,-12.13,1.26E-09,"Liu, Y et al (2020), https://www.biorxiv.org/content/10.1101/2020.04.22.046565v2.full.pdf"
Mammalia,Artiodactyla,P,Wild yak,Bos,mutus,cell,XP_005903173.1,SARS-CoV-2,nCoV-SH01,MT121215,experimental cell line,1,NA,NA,NA,-11.82,2.14E-09,"Liu, Y et al (2020), https://www.biorxiv.org/content/10.1101/2020.04.22.046565v2.full.pdf"
Mammalia,Cetacea,P,Yangtze River dolphin,Lipotes,vexillifer,cell,XP_007466389.1,SARS-CoV-2,nCoV-SH01,MT121215,experimental cell line,1,NA,NA,NA,-10.84,1.13E-08,"Liu, Y et al (2020), https://www.biorxiv.org/content/10.1101/2020.04.22.046565v2.full.pdf"
Mammalia,Carnivora,P,Cat,Felis,catus,animal,AAX59005.1,SARS-CoV-2,Wuhan (CTan-H),MN988668.1,experimental,1,1,1,1,-10.91,1E-08,https://www.sciencemag.org/lookup/doi/10.1126/science.abb7015
Mammalia,Carnivora,NP,Cat,Felis,catus,animal,AAX59005.1,SARS-CoV-2,?,MN988668.1,experimental,1,1,1,1,-10.91,1E-08,"Halfmann P, Hatta M, Chiba S, Maemura T, et al. Transmission of SARS-CoV-2 in Domestic Cats. New England Journal of Medicine (Correspondence). 13 May 2020. DOI: 10.1056/NEJMc2013400"
Mammalia,Carnivora,NP,Cat,Felis,catus,animal,AAX59005.1,SARS-CoV-2,WA1/2020WY96,MN988668.1,experimental,1,1,1,1,-10.91,1E-08,https://www.biorxiv.org/content/10.1101/2020.05.28.120998v1.full.pdf
Mammalia,Carnivora,NP,Cat,Felis,catus,animal,AAX59005.1,SARS-CoV-2,WA1/2020WY96,MN988668.1,experimental,1,0,?,0,-10.91,1E-08,https://www.biorxiv.org/content/10.1101/2020.05.28.120998v1.full.pdf
Aves,Galliformes,P,Chicken,Gallus,gallus,animal,XP_416822.2,SARS-CoV-2,Wuhan (CTan-H),MN988668.1,experimental,0,0,?,0,-10.83,1.13E-08,https://www.sciencemag.org/lookup/doi/10.1126/science.abb7015
Aves,Galliformes,NP,Chicken,Gallus,gallus,animal,XP_416822.2,SARS-Cov-2,?,MN988668.1,experimental,0,0,0,0,-10.83,1.13E-08,https://promedmail.org/promed-post/?id=7196505
Aves,Galliformes,NP,Chicken,Gallus,gallus,animal,XP_416822.2,SARS-CoV-2,CTan-H,MN988668.1,experimental,0,0,0,0,-10.83,1.13E-08,https://science.sciencemag.org/content/early/2020/04/07/science.abb7015/tab-pdf
Mammalia,Primates,P,Crab-eating macaque,Macaca,fascicularis,animal,XP_005593094.1,SARS-CoV-2,BetaCoV/Munich/BavPat1/2020,MT121215,experimental,1,1,?,1,-11.72,2.52E-09,https://science.sciencemag.org/content/early/2020/04/16/science.abb7314?utm_campaign=SciMag&utm_source=JHubbard&utm_medium=Twitter
Mammalia,Carnivora,P,Dog,Canis,familiaris,animal,NP_001158732.1,SARS-CoV-2,Wuhan (CTan-H),MT121215,experimental,1,1,0,1,-10.21,3.25E-08,https://www.sciencemag.org/lookup/doi/10.1126/science.abb7015
Mammalia,Carnivora,NP,Dog,Canis,familiaris,animal,NP_001158732.1,SARS-CoV-2,WA1/2020WY96,MN988668.1,experimental,1,0,0,0,-10.21,3.25E-08,https://www.biorxiv.org/content/10.1101/2020.05.28.120998v1.full.pdf
Mammalia,Chiroptera,P,Egyptian fruit bat,Rousettus ,aegyptiacus,animal,XP_015974412.2,SARS-Cov-2,?,MN988668.1,experimental,1,1,1,1,-11.83,2.11E-09,https://promedmail.org/promed-post/?id=7196506
Mammalia,Chiroptera,NP,Egyptian fruit bat,Rousettus,aegyptiacus,animal,XP_015974412.2,SARS-CoV-2,?,MN988668.1,experimental,1,0,0,0,-11.83,2.11E-09,https://www.fli.de/en/press/press-releases/press-singleview/novel-coronavirus-sars-cov-2-fruit-bats-and-ferrets-are-susceptible-pigs-and-chickens-are-not/
Mammalia,Carnivora,P,Ferret,Mustela,putorius furo,animal,NP_001297119.1,SARS-CoV-2,Korea,MN988668.1,experimental,1,1,1,1,-9.3,1.52E-07,https://www.cell.com/pb-assets/journals/research/cell-host-microbe/PDFs/chom_2285_preproof.pdf
Mammalia,Carnivora,NP,Ferret,Mustela,putorius furo,animal,NP_001297119.1,SARS-CoV-2,"Wuhan (CTan-H, F13-E)",MT121215,experimental,1,1,?,1,-9.3,1.52E-07,https://www.sciencemag.org/lookup/doi/10.1126/science.abb7015
Mammalia,Carnivora,NP,Ferret,Mustela,putorius furo,animal,NP_001297119.1,SARS-Cov-2,?,MN988668.1,experimental,1,1,1,1,-9.3,1.52E-07,https://promedmail.org/promed-post/?id=7196506
Aves,Anseriformes,P,Mallard Duck,Anas,platyrhynchos domesticus,animal,XP_012949915.2,SARS-CoV-2,Wuhan (CTan-H),MT121215,experimental,0,0,?,0,-12.11,1.31E-09,https://www.sciencemag.org/lookup/doi/10.1126/science.abb7015
Mammalia,Primates,P,Mustached Tamarins,Saguinus,mystax,animal,XP_008987241.1,SARS-CoV-2,?,MN988668.1,experimental,0,0,0,0,-12.13,1.26E-09,https://www.ncbi.nlm.nih.gov/pmc/articles/PMC7123016/pdf/978-0-387-33012-9_Chapter_83.pdf
Mammalia,Primates,P,New world monkey,Callithrix,jacchus,animal,XP_008987241.1,SARS-CoV-2,?,MN988668.1,experimental,0,0,0,0,-12.13,1.26E-09,https://www.biorxiv.org/content/10.1101/2020.04.08.031807v1
Mammalia,Artiodactyla,P,Pig,Sus,scrofa,animal,NP_001116542.1,SARS-CoV-2,Wuhan (CTan-H),MT121215,experimental,0,0,?,0,-11,8.6E-09,https://www.sciencemag.org/lookup/doi/10.1126/science.abb7015
Mammalia,Artiodactyla,NP,Pig,Sus,scrofa,animal,NP_001116542.1,SARS-Cov-2,?,MN988668.1,experimental,0,0,0,0,-11,8.6E-09,https://promedmail.org/promed-post/?id=7196504
Mammalia,Artiodactyla,NP,Pig,Sus,scrofa,animal,NP_001116542.1,SARS-CoV-2,CTan-H,MN988668.1,experimental,0,0,0,0,-11,8.6E-09,https://science.sciencemag.org/content/early/2020/04/07/science.abb7015/tab-pdf
Mammalia,Primates,P,Rhesus macaque,Macaca,mulatta,animal,NP_001129168.1,SARS-Cov-2,nCoV-WA1-2020 (USA),MN985325.1,experimental,1,1,?,1,-11.56,3.33E-09,https://www.biorxiv.org/content/10.1101/2020.03.21.001628v1.abstract
Mammalia,Primates,P,Squirrel Monkey,Saimiri,sciureus,animal,XP_010334925.1,SARS-CoV-2,?,MN988668.1,experimental,0,0,0,0,-11.56,3.33E-09,https://www.ncbi.nlm.nih.gov/pmc/articles/PMC7123016/pdf/978-0-387-33012-9_Chapter_83.pdf
Mammalia,Rodentia,P,Syrian hamster,Mesocricetus ,auratus,animal,XP_005074266.1,SARS-CoV-2,HongKong,MN988668.1,experimental,1,1,1,1,-12.32,9.17E-10,https://academic.oup.com/cid/advance-article/doi/10.1093/cid/ciaa325/5811871
Mammalia,Rodentia,NP,Syrian hamster,Mesocricetus ,auratus,animal,XP_005074266.1,SARS-Cov-2,BetaCoV/HongKong/VM20001061/2020,MN988668.1,experimental,1,1,1,1,-12.32,9.17E-10,https://europepmc.org/article/ppr/ppr138293
Mammalia,Scandentia,P,Tree Shrew,Tupaia,belangeris,animal,XP_006164754.1,SARS-CoV-2,?,MN988668.1,experimental,1,1,?,1,-11.86,1.99E-09,https://www.biorxiv.org/content/10.1101/2020.04.30.029736v1.full.pdf
Mammalia,Chiroptera,P,Big-eared horseshoe bat,Rhinolophus,macrotis,animal,ADN93471.1,SARS-CoV-1,?,AY278488.2,natural,1,?,?,?,-12,1.59E-09,"Calisher et al. 2006, https://pubmed.ncbi.nlm.nih.gov/16847084/"
Mammalia,Chiroptera,NP,Big-eared horseshoe bat,Rhinolophus,macrotis,animal,ADN93471.1,SARS-CoV-1,?,AY278488.2,natural,1,?,?,?,-12,1.59E-09,"Lau et al 2005, https://pubmed.ncbi.nlm.nih.gov/16169905/; Li W et al 2005 https://science.sciencemag.org/content/310/5748/676 "
Mammalia,Chiroptera,P,Blasius's horseshoe bat,Rhinolophus,blasii,animal,XP_032963186.1,SARS-CoV-1,European SARS-related BtCoV/BM48-31/Rhinolophus blasii [Rhi bla]/Bulgaria/2008?,GU190215,natural,1,1,?,1,-11.88,1.92E-09,"Drexler et al. 2010, https://pubmed.ncbi.nlm.nih.gov/20686038/"
Mammalia,Carnivora,NP,Cat,Felis,catus,animal,AAX59005.1,SARS-CoV-1,?,AY278488.2,natural,1,?,?,?,-10.91,1E-08,"Wang et al. 2005, https://pubmed.ncbi.nlm.nih.gov/15921605/"
Mammalia,Carnivora,NP,Chinese ferret-badger,Melogale,moschata,animal,QLF98521.1,SARS-CoV-1,?,AY278488.2,natural,1,?,?,?,-9.79,6.62E-08,"Tu et al. 2004, https://www.ncbi.nlm.nih.gov/pmc/articles/PMC3323399/"
Mammalia,Carnivora,P,Chinese ferret-badger,Melogale,moschata,animal,QLF98521.1,SARS-CoV-1,?,AY278488.2,natural,1,0,?,0,-9.79,6.62E-08,"Guan et al. 2003, https://science.sciencemag.org/content/302/5643/276"
Mammalia,Chiroptera,P,Chinese rufous horseshoe bat,Rhinolophus,sinicus,animal,ADN93475.1,SARS-CoV-1,?,DQ022305 DQ084199 DQ084200,natural,1,?,?,?,-10.96,9.12E-09,"Lau et al 2005, https://pubmed.ncbi.nlm.nih.gov/16169905/"
Mammalia,Chiroptera,P,Greater horseshoe bat,Rhinolophus,ferrumequinum,animal,XP_032963186.1,SARS-CoV-1,?,AY278488.2,natural,1,?,?,?,-11.54,3.41E-09,"Calisher et al. 2006, https://pubmed.ncbi.nlm.nih.gov/16847084/"
Mammalia,Chiroptera,NP,Greater horseshoe bat,Rhinolophus,ferrumequinum,animal,XP_032963186.1,SARS-CoV-1,?,AY278488.2,natural,1,?,?,?,-11.54,3.41E-09,"Li et al. 2005,https://pubmed.ncbi.nlm.nih.gov/16195424/"
Aves,Anseriformes,P,Greylag goose,Anser,anser,animal,XP_013039300.1,SARS-CoV-1,?,AY278488.2,natural,1,1,?,1,-10.71,1.41E-08,"Wang et al. 2005, https://pubmed.ncbi.nlm.nih.gov/15921605/"
Mammalia,Primates,NP,Human,Homo,sapiens,animal,NP_001358344.1,SARS-CoV-1,?,AY278488.2,natural,1,?,?,?,-14.24,3.62E-11,"Tu et al. 2004, https://www.ncbi.nlm.nih.gov/pmc/articles/PMC3323399/"
Mammalia,Primates,NP,Human,Homo,sapiens,animal,NP_001358344.1,SARS-CoV-1,?,AY278488.2,natural,1,1,?,1,-14.24,3.62E-11,"Peiris et al. 2003, https://pubmed.ncbi.nlm.nih.gov/12711465/"
Mammalia,Chiroptera,P,Least horseshoe bat,Rhinolophus,pusillus,animal,ADN93477.1,SARS-CoV-1,?,AY278488.2,natural,1,?,?,?,-10.88,1.06E-08,"Li et al. 2005, https://pubmed.ncbi.nlm.nih.gov/16195424/"
Mammalia,Chiroptera,NP,Least horseshoe bat,Rhinolophus,pusillus,animal,ADN93477.1,SARS-CoV-1,?,AY278488.2,natural,1,?,?,?,-10.88,1.06E-08,"Lau et al 2005, https://pubmed.ncbi.nlm.nih.gov/16169905/; Li W et al 2005 https://science.sciencemag.org/content/310/5748/676 "
Mammalia,Chiroptera,P,Leschenault's rousette,Rousettus,leschenaultii,animal,BAF50705.1,SARS-CoV-1,?,AY278488.2,natural,1,?,?,?,-11.79,2.24E-09,"Li et al. 2005,https://pubmed.ncbi.nlm.nih.gov/16195424/"
Mammalia,Chiroptera,NP,Leschenault's rousette bat,Rousettus,leschenaultii,animal,BAF50705.1,SARS-CoV-1,?,AY278488.2,natural,1,?,?,?,-11.79,2.24E-09,"PMID: 17451830, https://www.ncbi.nlm.nih.gov/pmc/articles/PMC7114516"
Mammalia,Chiroptera,P,Little Japanese horseshoe bat,Rhinolophus,cornutus,animal,BCF80165.1,SARS-CoV-1,Rp3,DQ071615,natural,1,1,?,1,-12.7,4.89E-10,http://www.ncbi.nlm.nih.gov/nuccore/AB890000.1
Mammalia,Rodentia,P,Losea rat,Rattus,losea,animal,XP_032746145.1,SARS-CoV-1,?,AY278488.2,natural,1,?,?,?,-11.86,1.99E-09,"Wang et al. 2005, https://pubmed.ncbi.nlm.nih.gov/15921605/"
Mammalia,Carnivora,NP,Masked palm civet,Paguma,larvata,animal,AAX63775.1,SARS-CoV-1,?,AY278488.2,natural,1,?,?,?,-10.45,2.18E-08,"Tu et al. 2004, https://www.ncbi.nlm.nih.gov/pmc/articles/PMC3323399/"
Mammalia,Carnivora,P,Masked palm civet,Paguma,larvata,animal,AAX63775.1,SARS-CoV-1,"SZ3, SZ16?",AY304486,natural,1,1,?,1,-10.45,2.18E-08,"Guan et al. 2003, https://science.sciencemag.org/content/302/5643/276"
Mammalia,Chiroptera,P,Pearson's horseshoe bat,Rhinolophus,pearsonii,animal,ADN93474.1,SARS-CoV-1,?,AY278488.2,natural,1,?,?,?,-9.53,1.02E-07,"Calisher et al. 2006, https://pubmed.ncbi.nlm.nih.gov/16847084/"
Mammalia,Chiroptera,NP,Pearson's horseshoe bat,Rhinolophus,pearsonii,animal,ADN93474.1,SARS-CoV-1,?,AY278488.2,natural,1,?,?,?,-9.53,1.02E-07,"Li et al. 2005,https://pubmed.ncbi.nlm.nih.gov/16195424/"
Mammalia,Artiodactyla,NP,Pig,Sus,scrofa,animal,NP_001116542.1,SARS-CoV-1,?,AY278488.2,natural,1,?,?,?,-11,8.6E-09,"Wang et al. 2005, https://pubmed.ncbi.nlm.nih.gov/15921605/"
Mammalia,Carnivora,NP,Raccoon dog,Nyctereutes,procyonoides,animal,ABW16956.1,SARS-CoV-1,?,AY278488.2,natural,1,?,?,?,-10.36,2.51E-08,"Tu et al. 2004, https://www.ncbi.nlm.nih.gov/pmc/articles/PMC3323399/"
Mammalia,Carnivora,P,Raccoon dog,Nyctereutes,procyonoides,animal,ABW16956.1,SARS-CoV-1,?,AY278488.2,natural,1,1,?,1,-10.36,2.51E-08,"Guan et al. 2003, https://science.sciencemag.org/content/302/5643/276"
Mammalia,Carnivora,P,Red fox,Vulpes,vulpes,animal,XP_025842512.1,SARS-CoV-1,?,AY278488.2,natural,1,?,?,?,-10.5,2.01E-08,"Wang et al. 2005, https://pubmed.ncbi.nlm.nih.gov/15921605/"
Mammalia,Artiodactyla,P,Wild boar,Sus,scrofa,animal,NP_001116542.1,SARS-CoV-1,?,AY278488.2,natural,1,1,?,1,-11,8.6E-09,"Wang et al. 2005, https://pubmed.ncbi.nlm.nih.gov/15921605/"
Mammalia,Chiroptera,P,Buettikofer's epauletted fruit bat,Epomops,buettikoferi,cell,QJF77792.1,SARS-CoV-1,?,AY278488.2,experimental cell line,0,NA,NA,NA,-12.07,1.41E-09,"Hoffman, M et al 2013 https://www.ncbi.nlm.nih.gov/pubmed/24023659"
Mammalia,Artiodactyla,NP,Camel,Camelus,bactrianus,cell,XP_010966303.1,SARS-CoV-1,BJ01,AY278488.2,experimental cell line,1,NA,NA,NA,-12.54,6.33E-10,"Li, Y et al (2020), https://www.biorxiv.org/content/10.1101/2020.04.10.032342v1.full.pdf"
Mammalia,Carnivora,NP,Cat,Felis,catus,cell,AAX59005.1,SARS-CoV-1,BJ01,AY278488.2,experimental cell line,1,NA,NA,NA,-10.91,1E-08,"Li, Y et al (2020), https://www.biorxiv.org/content/10.1101/2020.04.10.032342v1.full.pdf"
Aves,Galliformes,NP,Chicken,Gallus,gallus,cell,XP_416822.2,SARS-CoV-1,BJ01,AY278488.2,experimental cell line,0,NA,NA,NA,-10.83,1.13E-08,"Li, Y et al (2020), https://www.biorxiv.org/content/10.1101/2020.04.10.032342v1.full.pdf"
Mammalia,Chiroptera,NP,Chinese rufous horseshoe bat,Rhinolophus,sinicus,cell,ADN93475.1,SARS-CoV-1,BJ01,AY278488.2,experimental cell line,0,NA,NA,NA,-10.96,9.12E-09,"Li, Y et al (2020), https://www.biorxiv.org/content/10.1101/2020.04.10.032342v1.full.pdf"
Mammalia,Perissodactyla,NP,Donkey,Equus,asinus,cell,XP_014713133.1,SARS-CoV-1,BJ01,AY278488.2,experimental cell line,0,NA,NA,NA,-11.49,3.74E-09,"Li, Y et al (2020), https://www.biorxiv.org/content/10.1101/2020.04.10.032342v1.full.pdf"
Mammalia,Chiroptera,NP,Egyptian fruit bat,Rousettus,aegyptiacus,cell,XP_015974412.2,SARS-CoV-1,?,AY278488.2,experimental cell line,0,NA,NA,NA,-11.83,2.11E-09,"Hoffman, M et al 2013 https://www.ncbi.nlm.nih.gov/pubmed/24023659"
Mammalia,Artiodactyla,NP,Goat,Capra,hircus,cell,NP_001277036.1,SARS-CoV-1,BJ01,AY278488.2,experimental cell line,1,NA,NA,NA,-11.08,7.54E-09,"Li, Y et al (2020), https://www.biorxiv.org/content/10.1101/2020.04.10.032342v1.full.pdf"
Mammalia,Rodentia,NP,Guinea Pig,Cavia,porcellus,cell,XP_023417808.1,SARS-CoV-1,BJ01,AY278488.2,experimental cell line,0,NA,NA,NA,-11.53,3.53E-09,"Li, Y et al (2020), https://www.biorxiv.org/content/10.1101/2020.04.10.032342v1.full.pdf"
Mammalia,Chiroptera,P,Halcyon horseshoe bat,Rhinolophus,alcyone,cell,ALJ94035.1,SARS-CoV-1,?,AY278488.2,experimental cell line,0,NA,NA,NA,-11.72,2.56E-09,"Hoffman, M et al 2013 https://www.ncbi.nlm.nih.gov/pubmed/24023659"
Mammalia,Chiroptera,P,Hammer-headed bat,Hypsignathus,monstrosus,cell,QJF77792.1,SARS-CoV-1,?,AY278488.2,experimental cell line,0,NA,NA,NA,-12.07,1.41E-09,"Hoffman, M et al 2013 https://www.ncbi.nlm.nih.gov/pubmed/24023659"
Mammalia,Perissodactyla,NP,Horse,Equus,caballus,cell,XP_001490241.1,SARS-CoV-1,BJ01,AY278488.2,experimental cell line,1,NA,NA,NA,-11.4,4.35E-09,"Li, Y et al (2020), https://www.biorxiv.org/content/10.1101/2020.04.10.032342v1.full.pdf"
Mammalia,Primates,NP,Human,Homo,sapiens,cell,NP_001358344.1,SARS-CoV-1,BJ01,AY278488.2,experimental cell line,1,NA,NA,NA,-14.24,3.62E-11,"Li, Y et al (2020), https://www.biorxiv.org/content/10.1101/2020.04.10.032342v1.full.pdf"
Mammalia,Carnivora,NP,Masked palm civet,Paguma,larvata,cell,AAX63775.1,SARS-CoV-1,BJ01,AY278488.2,experimental cell line,1,NA,NA,NA,-10.45,2.18E-08,"Li, Y et al (2020), https://www.biorxiv.org/content/10.1101/2020.04.10.032342v1.full.pdf"
Mammalia,Chiroptera,P,Mexican free-tailed bat,Tadarida,brasiliensis,cell,QLF98520.1,SARS-CoV-1,?,AY278488.2,experimental cell line,0,NA,NA,NA,-11.4,4.39E-09,"Hoffman, M et al 2013 https://www.ncbi.nlm.nih.gov/pubmed/24023659"
Mammalia,Rodentia,NP,Mouse,Mus,musculus,cell,NP_081562.2,SARS-CoV-1,BJ01,AY278488.2,experimental cell line,0,NA,NA,NA,-11.53,3.52E-09,"Li, Y et al (2020), https://www.biorxiv.org/content/10.1101/2020.04.10.032342v1.full.pdf"
Mammalia,Pholidota,NP,Pangolin,Manis,javanica,cell,XP_017505752.1,SARS-CoV-1,BJ01,AY278488.2,experimental cell line,1,NA,NA,NA,-11.94,1.74E-09,"Li, Y et al (2020), https://www.biorxiv.org/content/10.1101/2020.04.10.032342v1.full.pdf"
Mammalia,Artiodactyla,NP,Pig,Sus,scrofa,cell,NP_001116542.1,SARS-CoV-1,BJ01,AY278488.2,experimental cell line,1,NA,NA,NA,-11,8.6E-09,"Li, Y et al (2020), https://www.biorxiv.org/content/10.1101/2020.04.10.032342v1.full.pdf"
Mammalia,Lagomorpha,NP,Rabbit,Oryctolagus,cuniculus,cell,XP_002719891.1,SARS-CoV-1,BJ01,AY278488.2,experimental cell line,1,NA,NA,NA,-11.17,6.46E-09,"Li, Y et al (2020), https://www.biorxiv.org/content/10.1101/2020.04.10.032342v1.full.pdf"
Mammalia,Rodentia,NP,Rat,Rattus,norvegicus,cell,NP_001012006.1,SARS-CoV-1,BJ01,AY278488.2,experimental cell line,0,NA,NA,NA,-12.09,1.36E-09,"Li, Y et al (2020), https://www.biorxiv.org/content/10.1101/2020.04.10.032342v1.full.pdf"
Mammalia,Chiroptera,P,Seba's short-tailed bat,Carollia,perspicillata,cell,QJF77828.1,SARS-CoV-1,?,AY278488.2,experimental cell line,0,NA,NA,NA,-12.06,1.42E-09,"Hoffman, M et al 2013 https://www.ncbi.nlm.nih.gov/pubmed/24023659"
Mammalia,Artiodactyla,NP,Sheep,Ovis,aries,cell,XP_011961657.1,SARS-CoV-1,BJ01,AY278488.2,experimental cell line,1,NA,NA,NA,-10.14,3.68E-08,"Li, Y et al (2020), https://www.biorxiv.org/content/10.1101/2020.04.10.032342v1.full.pdf"
Mammalia,Rodentia,P,Cotton Rat,Sigmodon,hispidus,animal,XP_028743609.1,SARS-CoV-1,?,AY278488.2,experimental,1,0,?,0,-11.22,5.93E-09,https://www.ncbi.nlm.nih.gov/pmc/articles/PMC2978051/
Mammalia,Rodentia,NP,Cotton Rat,Sigmodon,fulviventer,animal,XP_028743609.1,SARS-CoV-1,?,AY278488.2,experimental,1,0,?,0,-11.22,5.93E-09,https://www.ncbi.nlm.nih.gov/pmc/articles/PMC2978051/
Mammalia,Primates,NP,Crab-eating macaque,Macaca,fascicularis,animal,XP_005593094.1,SARS-CoV-1,?,AY278488.2,experimental,1,1,?,1,-11.72,2.52E-09,https://science.sciencemag.org/content/early/2020/04/16/science.abb7314?utm_campaign=SciMag&utm_source=JHubbard&utm_medium=Twitter
Mammalia,Chiroptera,P,Intermediate horseshoe bat,Rhinolophus,affinis,animal,ADN93474.1,SARS-CoV-1,?,AY278488.2,experimental,1,1,?,1,-9.53,1.02E-07,"Yang et al. 2013, https://pubmed.ncbi.nlm.nih.gov/24172901/"
Mammalia,Artiodactyla,P,Llama,Lama,glama,animal,XP_006212709.1,SARS-CoV-1,?,AY278488.2,experimental,1,0,0,0,-12.2,1.13E-09,https://www.cell.com/cell/fulltext/S0092-8674(20)30494-3
Mammalia,Chiroptera,P,Wrinkle-lipped free-tailed bat,Chaerephon,plicatus,animal,QJF77840.1,SARS-CoV-1,?,AY278488.2,experimental,1,1,?,1,-12.1,1.33E-09,"Yang et al. 2013, https://pubmed.ncbi.nlm.nih.gov/24172901/"
Mammalia,Pholidota,P,Malayan pangolins,Manis,javanica,animal,XP_017505752.1,Pangolin-CoV,?,MT121216,natural,1,?,?,?,-11.94,1.74E-09,"Xiao, K et al, https://www.nature.com/articles/s41586-020-2313-x_reference.pdf"
Mammalia,Artiodactyla,NP,Camel,Camelus,bactrianus,cell,XP_010966303.1,Pangolin-CoV,?,GWHABKW00000000,experimental cell line,1,NA,NA,NA,-12.54,6.33E-10,"Li, Y et al (2020), https://www.biorxiv.org/content/10.1101/2020.04.10.032342v1.full.pdf"
Mammalia,Carnivora,NP,Cat,Felis,catus,cell,AAX59005.1,Pangolin-CoV,?,GWHABKW00000000,experimental cell line,1,NA,NA,NA,-10.91,1E-08,"Li, Y et al (2020), https://www.biorxiv.org/content/10.1101/2020.04.10.032342v1.full.pdf"
Aves,Galliformes,NP,Chicken,Gallus,gallus,cell,XP_416822.2,Pangolin-CoV,?,GWHABKW00000000,experimental cell line,0,NA,NA,NA,-10.83,1.13E-08,"Li, Y et al (2020), https://www.biorxiv.org/content/10.1101/2020.04.10.032342v1.full.pdf"
Mammalia,Chiroptera,NP,Chinese rufous horseshoe bat,Rhinolophus,sinicus,cell,ADN93475.1,Pangolin-CoV,?,GWHABKW00000000,experimental cell line,1,NA,NA,NA,-10.96,9.12E-09,"Li, Y et al (2020), https://www.biorxiv.org/content/10.1101/2020.04.10.032342v1.full.pdf"
Mammalia,Perissodactyla,NP,Donkey,Equus,asinus,cell,XP_014713133.1,Pangolin-CoV,?,MT121216,experimental cell line,0,NA,NA,NA,-11.49,3.74E-09,"Li, Y et al (2020), https://www.biorxiv.org/content/10.1101/2020.04.10.032342v1.full.pdf"
Mammalia,Artiodactyla,NP,Goat,Capra,hircus,cell,NP_001277036.1,Pangolin-CoV,?,MT121216,experimental cell line,1,NA,NA,NA,-11.08,7.54E-09,"Li, Y et al (2020), https://www.biorxiv.org/content/10.1101/2020.04.10.032342v1.full.pdf"
Mammalia,Rodentia,NP,Guinea Pig,Cavia,porcellus,cell,XP_023417808.1,Pangolin-CoV,?,MT121216,experimental cell line,0,NA,NA,NA,-11.53,3.53E-09,"Li, Y et al (2020), https://www.biorxiv.org/content/10.1101/2020.04.10.032342v1.full.pdf"
Mammalia,Perissodactyla,NP,Horse,Equus,caballus,cell,XP_001490241.1,Pangolin-CoV,?,MT121216,experimental cell line,1,NA,NA,NA,-11.4,4.35E-09,"Li, Y et al (2020), https://www.biorxiv.org/content/10.1101/2020.04.10.032342v1.full.pdf"
Mammalia,Primates,NP,Human,Homo,sapiens,cell,NP_001358344.1,Pangolin-CoV,?,MT121216,experimental cell line,1,NA,NA,NA,-14.24,3.62E-11,"Li, Y et al (2020), https://www.biorxiv.org/content/10.1101/2020.04.10.032342v1.full.pdf"
Mammalia,Carnivora,NP,Masked palm civet,Paguma,larvata,cell,AAX63775.1,Pangolin-CoV,?,GWHABKW00000000,experimental cell line,0,NA,NA,NA,-10.45,2.18E-08,"Li, Y et al (2020), https://www.biorxiv.org/content/10.1101/2020.04.10.032342v1.full.pdf"
Mammalia,Rodentia,NP,Mouse,Mus,musculus,cell,NP_081562.2,Pangolin-CoV,?,MT121216,experimental cell line,1,NA,NA,NA,-11.53,3.52E-09,"Li, Y et al (2020), https://www.biorxiv.org/content/10.1101/2020.04.10.032342v1.full.pdf"
Mammalia,Pholidota,NP,Pangolin,Manis,javanica,cell,XP_017505752.1,Pangolin-CoV,?,MT121216,experimental cell line,1,NA,NA,NA,-11.94,1.74E-09,"Li, Y et al (2020), https://www.biorxiv.org/content/10.1101/2020.04.10.032342v1.full.pdf"
Mammalia,Artiodactyla,NP,Pig,Sus,scrofa,cell,NP_001116542.1,Pangolin-CoV,?,MT121216,experimental cell line,1,NA,NA,NA,-11,8.6E-09,"Li, Y et al (2020), https://www.biorxiv.org/content/10.1101/2020.04.10.032342v1.full.pdf"
Mammalia,Lagomorpha,NP,Rabbit,Oryctolagus,cuniculus,cell,XP_002719891.1,Pangolin-CoV,?,MT121216,experimental cell line,1,NA,NA,NA,-11.17,6.46E-09,"Li, Y et al (2020), https://www.biorxiv.org/content/10.1101/2020.04.10.032342v1.full.pdf"
Mammalia,Rodentia,NP,Rat,Rattus,norvegicus,cell,NP_001012006.1,Pangolin-CoV,?,MT121216,experimental cell line,1,NA,NA,NA,-12.09,1.36E-09,"Li, Y et al (2020), https://www.biorxiv.org/content/10.1101/2020.04.10.032342v1.full.pdf"
Mammalia,Artiodactyla,NP,Sheep,Ovis,aries,cell,XP_011961657.1,Pangolin-CoV,?,MT121216,experimental cell line,1,NA,NA,NA,-10.14,3.68E-08,"Li, Y et al (2020), https://www.biorxiv.org/content/10.1101/2020.04.10.032342v1.full.pdf"
Mammalia,Chiroptera,P,Mediterranean horseshoe bat,Rhinolophus,euryale,animal,XP_032963186.1,Bat-CoV,α/BR98-19/Rhi eur/Bulgaria/2008,GU190237,natural,1,1,?,1,-11.88,1.92E-09,"Drexler et al. 2010, https://pubmed.ncbi.nlm.nih.gov/20686038/"
Mammalia,Chiroptera,P,Mehely's horseshoe bat,Rhinolophus,mehelyi,animal,XP_032963186.1,Bat-CoV,BM48-32/Rhi meh/Bulgaria/2008,GU190228,natural,1,1,?,1,-11.88,1.92E-09,"Drexler et al. 2010,https://pubmed.ncbi.nlm.nih.gov/20686038/"
Mammalia,Artiodactyla,NP,Camel,Camelus,bactrianus,cell,XP_010966303.1,Bat-CoV,RaTG13,MN996532,experimental cell line,0,NA,NA,NA,-12.54,6.33E-10,"Li, Y et al (2020), https://www.biorxiv.org/content/10.1101/2020.04.10.032342v1.full.pdf"
Mammalia,Carnivora,NP,Cat,Felis,catus,cell,AAX59005.1,Bat-CoV,RaTG13,MN996532,experimental cell line,0,NA,NA,NA,-10.91,1E-08,"Li, Y et al (2020), https://www.biorxiv.org/content/10.1101/2020.04.10.032342v1.full.pdf"
Aves,Galliformes,NP,Chicken,Gallus,gallus,cell,XP_416822.2,Bat-CoV,RaTG13,MN996532,experimental cell line,0,NA,NA,NA,-10.83,1.13E-08,"Li, Y et al (2020), https://www.biorxiv.org/content/10.1101/2020.04.10.032342v1.full.pdf"
Mammalia,Chiroptera,NP,Chinese rufous horseshoe bat,Rhinolophus,sinicus,cell,ADN93475.1,Bat-CoV,RaTG13,MN996532,experimental cell line,0,NA,NA,NA,-10.96,9.12E-09,"Li, Y et al (2020), https://www.biorxiv.org/content/10.1101/2020.04.10.032342v1.full.pdf"
Mammalia,Perissodactyla,NP,Donkey,Equus,asinus,cell,XP_014713133.1,Bat-CoV,RaTG13,MN996532,experimental cell line,0,NA,NA,NA,-11.49,3.74E-09,"Li, Y et al (2020), https://www.biorxiv.org/content/10.1101/2020.04.10.032342v1.full.pdf"
Mammalia,Artiodactyla,NP,Goat,Capra,hircus,cell,NP_001277036.1,Bat-CoV,RaTG13,MN996532,experimental cell line,0,NA,NA,NA,-11.08,7.54E-09,"Li, Y et al (2020), https://www.biorxiv.org/content/10.1101/2020.04.10.032342v1.full.pdf"
Mammalia,Rodentia,NP,Guinea Pig,Cavia,porcellus,cell,XP_023417808.1,Bat-CoV,RaTG13,MN996532,experimental cell line,0,NA,NA,NA,-11.53,3.53E-09,"Li, Y et al (2020), https://www.biorxiv.org/content/10.1101/2020.04.10.032342v1.full.pdf"
Mammalia,Perissodactyla,NP,Horse,Equus,caballus,cell,XP_001490241.1,Bat-CoV,RaTG13,MN996532,experimental cell line,1,NA,NA,NA,-11.4,4.35E-09,"Li, Y et al (2020), https://www.biorxiv.org/content/10.1101/2020.04.10.032342v1.full.pdf"
Mammalia,Primates,NP,Human,Homo,sapiens,cell,NP_001358344.1,Bat-CoV,RaTG13,MN996532,experimental cell line,0,NA,NA,NA,-14.24,3.62E-11,"Li, Y et al (2020), https://www.biorxiv.org/content/10.1101/2020.04.10.032342v1.full.pdf"
Mammalia,Carnivora,NP,Masked palm civet,Paguma,larvata,cell,AAX63775.1,Bat-CoV,RaTG13,MN996532,experimental cell line,0,NA,NA,NA,-10.45,2.18E-08,"Li, Y et al (2020), https://www.biorxiv.org/content/10.1101/2020.04.10.032342v1.full.pdf"
Mammalia,Rodentia,NP,Mouse,Mus,musculus,cell,NP_081562.2,Bat-CoV,RaTG13,MN996532,experimental cell line,0,NA,NA,NA,-11.53,3.52E-09,"Li, Y et al (2020), https://www.biorxiv.org/content/10.1101/2020.04.10.032342v1.full.pdf"
Mammalia,Pholidota,NP,Pangolin,Manis,javanica,cell,XP_017505752.1,Bat-CoV,RaTG13,MN996532,experimental cell line,0,NA,NA,NA,-11.94,1.74E-09,"Li, Y et al (2020), https://www.biorxiv.org/content/10.1101/2020.04.10.032342v1.full.pdf"
Mammalia,Artiodactyla,NP,Pig,Sus,scrofa,cell,NP_001116542.1,Bat-CoV,RaTG13,MN996532,experimental cell line,0,NA,NA,NA,-11,8.6E-09,"Li, Y et al (2020), https://www.biorxiv.org/content/10.1101/2020.04.10.032342v1.full.pdf"
Mammalia,Lagomorpha,NP,Rabbit,Oryctolagus,cuniculus,cell,XP_002719891.1,Bat-CoV,RaTG13,MN996532,experimental cell line,1,NA,NA,NA,-11.17,6.46E-09,"Li, Y et al (2020), https://www.biorxiv.org/content/10.1101/2020.04.10.032342v1.full.pdf"
Mammalia,Rodentia,NP,Rat,Rattus,norvegicus,cell,NP_001012006.1,Bat-CoV,RaTG13,MN996532,experimental cell line,0,NA,NA,NA,-12.09,1.36E-09,"Li, Y et al (2020), https://www.biorxiv.org/content/10.1101/2020.04.10.032342v1.full.pdf"
Mammalia,Artiodactyla,NP,Sheep,Ovis,aries,cell,XP_011961657.1,Bat-CoV,RaTG13,MN996532,experimental cell line,1,NA,NA,NA,-10.14,3.68E-08,"Li, Y et al (2020), https://www.biorxiv.org/content/10.1101/2020.04.10.032342v1.full.pdf"
